{
  "temperature": {
    "min": 17.573081169430857,
    "max": 26.092709884073468,
    "med": 24.678858108359233,
    "avg": 21.68150766393331
  },
  "humidity": {
    "min": 87.2525512400796,
    "max": 96.94968601576343,
    "med": 94.4940616614005,
    "avg": 93.25790022784162
  }
}