{
  "temperature": {
    "min": 21.279782079384667,
    "max": 26.092709884073468,
    "med": 26.092709884073468,
    "avg": 23.379001846102692
  },
  "humidity": {
    "min": 87.2525512400796,
    "max": 95.38090114906908,
    "med": 92.22580502170618,
    "avg": 90.9561402916914
  }
}