{
  "temperature": {
    "min": 17.005340236963963,
    "max": 26.99928737310924,
    "med": 18.366509723885763,
    "avg": 21.946214645790736
  },
  "humidity": {
    "min": 87.00796037119966,
    "max": 96.99954297852648,
    "med": 95.24343445674454,
    "avg": 91.99874106353425
  }
}